{
  "_fv": 57,
  "_type": "achievement",
  "definition": {
    "achievementName": "Becoming a Shardbearer",
    "achievementDescription": "Wear a piece of Shardplate or obtain a Shardblade",
    "achievementIcon": {
      "value": "CUSTOM:Shardblade"
    },
    "background": "Default",
    "disableDisplay": false,
    "showPopup": true,
    "announceToChat": true,
    "hideIfNotCompleted": false,
    "rewardLoot": [],
    "rewardRecipes": [],
    "rewardFunction": "No function",
    "rewardXP": 10,
    "achievementType": "challenge",
    "parent": {
      "value": "story/obtain_armor"
    },
    "triggerxml": "<xml xmlns=\"https://developers.google.com/blockly/xml\"><block type=\"custom_trigger\" x=\"97\" y=\"81\"><next><block type=\"advancement_trigger\" deletable=\"false\"/></next></block></xml>"
  }
}