{
  "_fv": 57,
  "_type": "achievement",
  "definition": {
    "achievementName": "Food To Investiture",
    "achievementDescription": "You can now turn food into investiture",
    "achievementIcon": {
      "value": "Items.BREAD"
    },
    "background": "Default",
    "disableDisplay": false,
    "showPopup": true,
    "announceToChat": true,
    "hideIfNotCompleted": true,
    "rewardLoot": [],
    "rewardRecipes": [],
    "rewardFunction": "No function",
    "rewardXP": 0,
    "achievementType": "task",
    "parent": {
      "value": "CUSTOM:NightWatcherBoon"
    },
    "triggerxml": "<xml xmlns=\"https://developers.google.com/blockly/xml\"><block type=\"custom_trigger\" x=\"34\" y=\"55\"><next><block type=\"advancement_trigger\" deletable=\"false\"></block></next></block></xml>"
  }
}