{
  "_fv": 57,
  "_type": "achievement",
  "definition": {
    "achievementName": "Random Teleport Curse",
    "achievementDescription": "Random teleporting for days",
    "achievementIcon": {
      "value": "Items.ENDER_PEARL"
    },
    "background": "Default",
    "disableDisplay": false,
    "showPopup": true,
    "announceToChat": true,
    "hideIfNotCompleted": true,
    "rewardLoot": [],
    "rewardRecipes": [],
    "rewardFunction": "No function",
    "rewardXP": 0,
    "achievementType": "task",
    "parent": {
      "value": "CUSTOM:NightWatcherCurse"
    },
    "triggerxml": "<xml xmlns=\"https://developers.google.com/blockly/xml\"><block type=\"custom_trigger\" x=\"39\" y=\"56\"><next><block type=\"advancement_trigger\" deletable=\"false\"></block></next></block></xml>"
  }
}