{
  "_fv": 57,
  "_type": "tool",
  "definition": {
    "toolType": "MultiTool",
    "renderType": 0,
    "blockingRenderType": 0,
    "texture": "shardblade1",
    "customModelName": "Normal",
    "blockingModelName": "Normal blocking",
    "name": "Shardblade",
    "specialInformation": {
      "fixedValue": [
        "Long sword that nobody knows how to make, it is a very dangerous sword that can cut through stone easily"
      ]
    },
    "creativeTab": {
      "value": "COMBAT"
    },
    "harvestLevel": 3,
    "efficiency": 10.5,
    "attackSpeed": 1.0,
    "enchantability": 2,
    "damageVsEntity": 31.0,
    "usageCount": 0,
    "blocksAffected": [],
    "repairItems": [],
    "immuneToFire": false,
    "stayInGridWhenCrafting": false,
    "damageOnCrafting": false,
    "onItemInInventoryTick": {
      "name": "ShardbladeToolInInventoryTick"
    }
  }
}