{
  "_fv": 57,
  "_type": "achievement",
  "definition": {
    "achievementName": "Slowness Curse",
    "achievementDescription": "You are one Chunky boi",
    "achievementIcon": {
      "value": "Blocks.CHAIN"
    },
    "background": "Default",
    "disableDisplay": false,
    "showPopup": true,
    "announceToChat": true,
    "hideIfNotCompleted": true,
    "rewardLoot": [],
    "rewardRecipes": [],
    "rewardFunction": "No function",
    "rewardXP": 0,
    "achievementType": "task",
    "parent": {
      "value": "CUSTOM:NightWatcherCurse"
    },
    "triggerxml": "<xml xmlns=\"https://developers.google.com/blockly/xml\"><block type=\"custom_trigger\" x=\"30\" y=\"55\"><next><block type=\"advancement_trigger\" deletable=\"false\"></block></next></block></xml>"
  }
}