{
  "_fv": 57,
  "_type": "recipe",
  "definition": {
    "recipeType": "Stone cutting",
    "recipeRetstackSize": 10,
    "group": "",
    "cookingBookCategory": "MISC",
    "xpReward": 0.0,
    "cookingTime": 200,
    "craftingBookCategory": "MISC",
    "recipeShapeless": false,
    "stoneCuttingInputStack": {
      "value": "CUSTOM:MediumAmethystgem"
    },
    "stoneCuttingReturnStack": {
      "value": "CUSTOM:SmallAmethystgem"
    },
    "name": "small_amethystrecipe",
    "namespace": "mod"
  }
}