{
  "_fv": 24,
  "_type": "item",
  "definition": {
    "renderType": 0,
    "texture": "zirconbrome",
    "customModelName": "Normal",
    "name": "Dun Zircon Broam",
    "rarity": "COMMON",
    "creativeTab": {
      "value": "MISC"
    },
    "stackSize": 64,
    "enchantability": 0,
    "useDuration": 0,
    "toolType": 1.0,
    "damageCount": 0,
    "destroyAnyBlock": false,
    "immuneToFire": false,
    "stayInGridWhenCrafting": false,
    "damageOnCrafting": false,
    "enableMeleeDamage": false,
    "damageVsEntity": 0.0,
    "specialInfo": [
      "A small, glass sphere with a small piece of Topaz set inside of it. It appears to be devoid of light."
    ],
    "hasGlow": false,
    "guiBoundTo": "<NONE>",
    "inventorySize": 9,
    "inventoryStackSize": 64,
    "onRightClickedInAir": {
      "name": "DunZirconBromeRightClickedInAir"
    },
    "onItemInInventoryTick": {
      "name": "DunZirconBromeItemInInventoryTick"
    },
    "hasDispenseBehavior": false
  }
}