{
  "_fv": 24,
  "_type": "achievement",
  "definition": {
    "achievementName": "Infuse Stormlight",
    "achievementDescription": "Infuse a sphere with stormlight",
    "achievementIcon": {
      "value": "CUSTOM:InfusedSapphireBrome"
    },
    "background": "Default",
    "disableDisplay": false,
    "showPopup": true,
    "announceToChat": true,
    "hideIfNotCompleted": true,
    "rewardLoot": [],
    "rewardRecipes": [],
    "rewardFunction": "No function",
    "rewardXP": 10,
    "achievementType": "challenge",
    "parent": {
      "value": "No parent: root"
    },
    "triggerxml": "<xml xmlns=\"https://developers.google.com/blockly/xml\"><block type=\"custom_trigger\" x=\"49\" y=\"96\"><next><block type=\"advancement_trigger\" deletable=\"false\"/></next></block></xml>"
  }
}