{
  "_fv": 24,
  "_type": "item",
  "definition": {
    "renderType": 0,
    "texture": "mediumsapphire",
    "customModelName": "Normal",
    "name": "Medium Sapphire",
    "rarity": "COMMON",
    "creativeTab": {
      "value": "MISC"
    },
    "stackSize": 64,
    "enchantability": 0,
    "useDuration": 0,
    "toolType": 1.0,
    "damageCount": 0,
    "destroyAnyBlock": false,
    "immuneToFire": false,
    "stayInGridWhenCrafting": false,
    "damageOnCrafting": false,
    "enableMeleeDamage": false,
    "damageVsEntity": 0.0,
    "specialInfo": [
      "Medium sized chunk of Sapphire"
    ],
    "hasGlow": false,
    "guiBoundTo": "<NONE>",
    "inventorySize": 9,
    "inventoryStackSize": 64,
    "hasDispenseBehavior": false
  }
}