{
  "_fv": 24,
  "_type": "dimension",
  "definition": {
    "biomesInDimension": [
      {
        "value": "CUSTOM:Shadesmar"
      }
    ],
    "worldGenType": "Normal world gen",
    "mainFillerBlock": {
      "value": "CUSTOM:ShadesmarObsidian"
    },
    "fluidBlock": {
      "value": "CUSTOM:Shadesbeads"
    },
    "airColor": {
      "value": -15921906,
      "falpha": 0.0
    },
    "canRespawnHere": false,
    "hasFog": false,
    "isDark": false,
    "doesWaterVaporize": false,
    "sleepResult": "DENY",
    "hasSkyLight": true,
    "imitateOverworldBehaviour": false,
    "portalFrame": {
      "value": "Blocks.STAINED_GLASS_PANE#15"
    },
    "portalParticles": {
      "value": "PORTAL"
    },
    "portalLuminance": 0,
    "portalSound": {
      "value": "block.portal.ambient"
    },
    "igniterName": "Shadesmar 1 Portal Igniter",
    "igniterTab": {
      "value": "TOOLS"
    },
    "texture": "sunraiser1",
    "portalTexture": "shadesmarobsidian",
    "enablePortal": true
  }
}