{
  "_fv": 24,
  "_type": "fluid",
  "definition": {
    "name": "Shadesbeads",
    "bucketName": "Shadesbeads Bucket",
    "textureStill": "shadesmarbeadsdark",
    "textureFlowing": "shadesmarbeadstex1",
    "tintType": "No tint",
    "canMultiply": false,
    "flowRate": 5,
    "levelDecrease": 1,
    "slopeFindDistance": 4,
    "spawnParticles": false,
    "flowStrength": 1.0,
    "luminosity": 0,
    "density": 2000,
    "viscosity": 2000,
    "isGas": false,
    "temperature": 300,
    "type": "WATER",
    "generateBucket": true,
    "creativeTab": {
      "value": "MISC"
    },
    "rarity": "COMMON",
    "specialInfo": [],
    "resistance": 100.0,
    "luminance": 0,
    "lightOpacity": 1,
    "emissiveRendering": false,
    "tickRate": 10,
    "flammability": 0,
    "fireSpreadSpeed": 0,
    "colorOnMap": "DEFAULT",
    "frequencyOnChunks": 5,
    "spawnWorldTypes": [],
    "restrictionBiomes": []
  }
}