{
  "_fv": 24,
  "_type": "biome",
  "definition": {
    "name": "Shattered Plains",
    "groundBlock": {
      "value": "CUSTOM:ShatteredPlainRock"
    },
    "undergroundBlock": {
      "value": "Blocks.STONE#0"
    },
    "grassColor": {
      "value": -5195161,
      "falpha": 0.0
    },
    "foliageColor": {
      "value": -5195161,
      "falpha": 0.0
    },
    "waterColor": {
      "value": -16737895,
      "falpha": 0.0
    },
    "waterFogColor": {
      "value": -16737895,
      "falpha": 0.0
    },
    "moodSoundDelay": 0,
    "spawnParticles": false,
    "particlesProbability": 0.0,
    "biomeCategory": "PLAINS",
    "parent": {
      "value": "CUSTOM:ShatteredPlains"
    },
    "rainingPossibility": 1.0,
    "temperature": 1.0,
    "baseHeight": 1.0,
    "heightVariation": 0.16,
    "biomeType": "WARM",
    "spawnBiome": true,
    "biomeWeight": 20,
    "biomeDictionaryTypes": [
      "MODIFIED",
      "PLATEAU",
      "WASTELAND",
      "WET",
      "SPARSE",
      "DEAD",
      "HOT",
      "MODIFIED"
    ],
    "grassPerChunk": 4,
    "seagrassPerChunk": 0,
    "flowersPerChunk": 0,
    "mushroomsPerChunk": 0,
    "bigMushroomsChunk": 0,
    "sandPatchesPerChunk": 0,
    "gravelPatchesPerChunk": 1,
    "reedsPerChunk": 0,
    "cactiPerChunk": 0,
    "treesPerChunk": 0,
    "vanillaTreeType": "Default",
    "treeType": 1,
    "minHeight": 0,
    "treeStem": {
      "value": "Blocks.AIR"
    },
    "treeBranch": {
      "value": "Blocks.AIR"
    },
    "treeVines": {
      "value": "Blocks.AIR"
    },
    "treeFruits": {
      "value": "Blocks.AIR"
    },
    "spawnStronghold": true,
    "spawnMineshaft": true,
    "spawnMineshaftMesa": false,
    "spawnPillagerOutpost": true,
    "villageType": "none",
    "spawnWoodlandMansion": false,
    "spawnJungleTemple": false,
    "spawnDesertPyramid": false,
    "spawnSwampHut": false,
    "spawnIgloo": false,
    "spawnOceanMonument": false,
    "spawnShipwreck": false,
    "spawnShipwreckBeached": false,
    "spawnBuriedTreasure": false,
    "oceanRuinType": "NONE",
    "spawnNetherBridge": false,
    "spawnNetherFossil": false,
    "spawnBastionRemnant": false,
    "spawnEndCity": false,
    "spawnRuinedPortal": "NONE",
    "defaultFeatures": [
      "Caves",
      "MonsterRooms",
      "Structures",
      "Ores",
      "Lakes",
      "FrozenTopLayer"
    ],
    "spawnEntries": [
      {
        "entity": {
          "value": "CUSTOM:Shardbearer"
        },
        "minGroup": 1,
        "maxGroup": 1,
        "weight": 5,
        "spawnType": "creature"
      },
      {
        "entity": {
          "value": "EntityCreeper"
        },
        "minGroup": 1,
        "maxGroup": 1,
        "weight": 20,
        "spawnType": "monster"
      },
      {
        "entity": {
          "value": "EntityEvoker"
        },
        "minGroup": 1,
        "maxGroup": 1,
        "weight": 20,
        "spawnType": "monster"
      },
      {
        "entity": {
          "value": "EntityRavager"
        },
        "minGroup": 1,
        "maxGroup": 1,
        "weight": 20,
        "spawnType": "monster"
      },
      {
        "entity": {
          "value": "EntityWolf"
        },
        "minGroup": 1,
        "maxGroup": 4,
        "weight": 20,
        "spawnType": "creature"
      },
      {
        "entity": {
          "value": "EntityZombieVillager"
        },
        "minGroup": 1,
        "maxGroup": 4,
        "weight": 20,
        "spawnType": "monster"
      },
      {
        "entity": {
          "value": "EntityWanderingTrader"
        },
        "minGroup": 1,
        "maxGroup": 4,
        "weight": 20,
        "spawnType": "creature"
      },
      {
        "entity": {
          "value": "EntityVillager"
        },
        "minGroup": 1,
        "maxGroup": 4,
        "weight": 20,
        "spawnType": "creature"
      },
      {
        "entity": {
          "value": "EntityVindicator"
        },
        "minGroup": 1,
        "maxGroup": 4,
        "weight": 20,
        "spawnType": "monster"
      },
      {
        "entity": {
          "value": "EntityVex"
        },
        "minGroup": 1,
        "maxGroup": 4,
        "weight": 20,
        "spawnType": "monster"
      },
      {
        "entity": {
          "value": "EntityAnimal"
        },
        "minGroup": 1,
        "maxGroup": 4,
        "weight": 20,
        "spawnType": "creature"
      },
      {
        "entity": {
          "value": "EntityBat"
        },
        "minGroup": 1,
        "maxGroup": 4,
        "weight": 20,
        "spawnType": "creature"
      },
      {
        "entity": {
          "value": "EntityCaveSpider"
        },
        "minGroup": 1,
        "maxGroup": 4,
        "weight": 20,
        "spawnType": "monster"
      },
      {
        "entity": {
          "value": "EntityCow"
        },
        "minGroup": 1,
        "maxGroup": 4,
        "weight": 20,
        "spawnType": "creature"
      },
      {
        "entity": {
          "value": "EntityEnderman"
        },
        "minGroup": 1,
        "maxGroup": 4,
        "weight": 20,
        "spawnType": "monster"
      },
      {
        "entity": {
          "value": "EntityHorse"
        },
        "minGroup": 1,
        "maxGroup": 4,
        "weight": 44,
        "spawnType": "creature"
      },
      {
        "entity": {
          "value": "EntityIronGolem"
        },
        "minGroup": 1,
        "maxGroup": 4,
        "weight": 20,
        "spawnType": "creature"
      },
      {
        "entity": {
          "value": "EntityHusk"
        },
        "minGroup": 1,
        "maxGroup": 4,
        "weight": 20,
        "spawnType": "monster"
      },
      {
        "entity": {
          "value": "EntityPillager"
        },
        "minGroup": 1,
        "maxGroup": 4,
        "weight": 20,
        "spawnType": "monster"
      }
    ]
  }
}