{
  "_fv": 24,
  "_type": "tool",
  "definition": {
    "renderType": 0,
    "texture": "spear",
    "customModelName": "Normal",
    "name": "Spear",
    "specialInfo": [
      "it is a spear what else do you need to know?"
    ],
    "creativeTab": {
      "value": "COMBAT"
    },
    "toolType": "Sword",
    "harvestLevel": 0,
    "efficiency": 0.5,
    "attackSpeed": 2.0,
    "enchantability": 2,
    "damageVsEntity": 5.0,
    "usageCount": 50,
    "blocksAffected": [],
    "hasGlow": false,
    "repairItems": [
      {
        "value": "Items.IRON_INGOT"
      }
    ],
    "immuneToFire": false,
    "stayInGridWhenCrafting": false,
    "damageOnCrafting": false,
    "onRightClickedInAir": {
      "name": "SpearRightClickedInAir"
    }
  }
}