{
  "_fv": 24,
  "_type": "achievement",
  "definition": {
    "achievementName": "Windrunner",
    "achievementDescription": "I will protect those who cannot protect themselves",
    "achievementIcon": {
      "value": "CUSTOM:InfusedSapphireBrome"
    },
    "background": "image.png",
    "disableDisplay": false,
    "showPopup": true,
    "announceToChat": true,
    "hideIfNotCompleted": false,
    "rewardLoot": [],
    "rewardRecipes": [],
    "rewardFunction": "No function",
    "rewardXP": 5,
    "achievementType": "goal",
    "parent": {
      "value": "CUSTOM:Windrunner"
    },
    "triggerxml": "<xml xmlns=\"https://developers.google.com/blockly/xml\"><block type=\"custom_trigger\" x=\"37\" y=\"51\"><next><block type=\"advancement_trigger\" deletable=\"false\"/></next></block></xml>"
  }
}