{
  "_fv": 47,
  "_type": "item",
  "definition": {
    "renderType": 0,
    "texture": "blackoathgatespear",
    "customModelName": "Normal",
    "customProperties": {},
    "states": [],
    "name": "Black Oathgate Spear",
    "rarity": "EPIC",
    "creativeTab": {
      "value": "COMBAT"
    },
    "stackSize": 1,
    "enchantability": 0,
    "useDuration": 0,
    "toolType": 0.0,
    "damageCount": 0,
    "recipeRemainder": {
      "value": ""
    },
    "destroyAnyBlock": false,
    "immuneToFire": false,
    "stayInGridWhenCrafting": false,
    "damageOnCrafting": false,
    "enableMeleeDamage": true,
    "damageVsEntity": 0.0,
    "specialInfo": [
      "The Oathgate spren use it"
    ],
    "hasGlow": false,
    "guiBoundTo": "<NONE>",
    "inventorySize": 9,
    "inventoryStackSize": 64,
    "isFood": false,
    "nutritionalValue": 0,
    "saturation": 0.30000001192092896,
    "isMeat": false,
    "isAlwaysEdible": false,
    "animation": "eat"
  }
}