{
  "_fv": 47,
  "_type": "item",
  "definition": {
    "renderType": 0,
    "texture": "curry",
    "customModelName": "Normal",
    "customProperties": {},
    "states": [],
    "name": "Curry",
    "rarity": "COMMON",
    "creativeTab": {
      "value": "FOOD"
    },
    "stackSize": 64,
    "enchantability": 0,
    "useDuration": 150,
    "toolType": 0.0,
    "damageCount": 0,
    "destroyAnyBlock": false,
    "immuneToFire": false,
    "stayInGridWhenCrafting": false,
    "damageOnCrafting": false,
    "enableMeleeDamage": false,
    "damageVsEntity": 0.0,
    "specialInfo": [
      "This food is hot and is called mens food in Roshar"
    ],
    "hasGlow": false,
    "inventorySize": 9,
    "inventoryStackSize": 64,
    "onFinishUsingItem": {
      "name": "CurryFoodEaten"
    },
    "isFood": true,
    "nutritionalValue": 10,
    "saturation": 2.0,
    "isMeat": true,
    "isAlwaysEdible": true,
    "animation": "eat"
  }
}