{
  "_fv": 47,
  "_type": "overlay",
  "definition": {
    "priority": "NORMAL",
    "components": [
      {
        "type": "image",
        "data": {
          "image": "deathspren.png",
          "use1Xscale": false,
          "x": 263,
          "y": 168
        }
      },
      {
        "type": "image",
        "data": {
          "image": "deathspren.png",
          "use1Xscale": true,
          "x": 22,
          "y": 2
        }
      }
    ],
    "baseTexture": "deathspren.png",
    "overlayTarget": "Death",
    "gridSettings": {
      "sx": 18,
      "sy": 18,
      "ox": 11,
      "oy": 15,
      "snapOnGrid": false
    }
  }
}