{
  "_fv": 47,
  "_type": "achievement",
  "definition": {
    "achievementName": "Netherite Boon",
    "achievementDescription": "Congratulations! You won the lottery",
    "achievementIcon": {
      "value": "Blocks.NETHERITE_BLOCK"
    },
    "background": "Default",
    "disableDisplay": false,
    "showPopup": true,
    "announceToChat": true,
    "hideIfNotCompleted": true,
    "rewardLoot": [],
    "rewardRecipes": [],
    "rewardFunction": "No function",
    "rewardXP": 0,
    "achievementType": "task",
    "parent": {
      "value": "CUSTOM:NightWatcherBoon"
    },
    "triggerxml": "<xml xmlns=\"https://developers.google.com/blockly/xml\"><block type=\"custom_trigger\" x=\"37\" y=\"50\"><next><block type=\"advancement_trigger\" deletable=\"false\"></block></next></block></xml>"
  }
}