{
  "_fv": 47,
  "_type": "gui",
  "definition": {
    "type": 0,
    "width": 176,
    "height": 166,
    "inventoryOffsetX": 0,
    "inventoryOffsetY": 0,
    "renderBgLayer": true,
    "doesPauseGame": false,
    "components": [
      {
        "type": "button",
        "data": {
          "name": "button_say_the_words",
          "text": "SAY THE WORDS!!!!!",
          "onClick": {
            "name": "InkSprenSpawn"
          },
          "width": 115,
          "height": 20,
          "x": 154,
          "y": 106
        }
      },
      {
        "type": "label",
        "data": {
          "name": "label_i_will_seek_self_improvement",
          "text": {
            "fixedValue": "I will seek self improvement"
          },
          "color": {
            "value": -12829636,
            "falpha": 0.0
          },
          "x": 147,
          "y": 80
        }
      }
    ],
    "gridSettings": {
      "sx": 18,
      "sy": 18,
      "ox": 11,
      "oy": 15,
      "snapOnGrid": false
    }
  }
}