{
  "_fv": 47,
  "_type": "gui",
  "definition": {
    "type": 1,
    "width": 176,
    "height": 166,
    "inventoryOffsetX": 0,
    "inventoryOffsetY": 0,
    "renderBgLayer": true,
    "doesPauseGame": true,
    "components": [
      {
        "type": "button",
        "data": {
          "name": "button_say_the_words",
          "text": "SAY THE WORDS!",
          "onClick": {
            "name": "BondSmithNightWatcher"
          },
          "width": 130,
          "height": 20,
          "x": 149,
          "y": 90
        }
      },
      {
        "type": "button",
        "data": {
          "name": "button_x",
          "text": "x",
          "onClick": {
            "name": "CloseGUI"
          },
          "width": 10,
          "height": 20,
          "x": 128,
          "y": 40
        }
      },
      {
        "type": "label",
        "data": {
          "name": "label_cultivate_them",
          "text": {
            "fixedValue": "Cultivate Them!"
          },
          "color": {
            "value": -12829636,
            "falpha": 0.0
          },
          "x": 176,
          "y": 60
        }
      }
    ],
    "gridSettings": {
      "sx": 18,
      "sy": 18,
      "ox": 11,
      "oy": 15,
      "snapOnGrid": false
    }
  }
}