{
  "_fv": 47,
  "_type": "achievement",
  "definition": {
    "achievementName": "Night Watcher Boon",
    "achievementDescription": "You've recieved a boon",
    "achievementIcon": {
      "value": "Items.GOLDEN_APPLE#1"
    },
    "background": "Default",
    "disableDisplay": false,
    "showPopup": true,
    "announceToChat": true,
    "hideIfNotCompleted": true,
    "rewardLoot": [],
    "rewardRecipes": [],
    "rewardFunction": "No function",
    "rewardXP": 0,
    "achievementType": "task",
    "parent": {
      "value": "No parent: root"
    },
    "triggerxml": "<xml xmlns=\"https://developers.google.com/blockly/xml\"><block type=\"custom_trigger\" x=\"47\" y=\"46\"><next><block type=\"advancement_trigger\" deletable=\"false\"></block></next></block></xml>"
  }
}