{
  "_fv": 47,
  "_type": "plant",
  "definition": {
    "renderType": 2,
    "texture": "rockbud",
    "textureBottom": "",
    "customModelName": "rockbud:default",
    "itemTexture": "",
    "particleTexture": "",
    "tintType": "No tint",
    "isItemTinted": false,
    "plantType": "normal",
    "suspiciousStewEffect": "SATURATION",
    "suspiciousStewDuration": 0,
    "growapableSpawnType": "Plains",
    "growapableMaxHeight": 1,
    "customBoundingBox": false,
    "disableOffset": false,
    "boundingBoxes": [],
    "name": "Rockbud",
    "specialInfo": [
      "Rockbuds can be found on the shattered plains"
    ],
    "creativeTab": {
      "value": "DECORATIONS"
    },
    "hardness": 1.0,
    "resistance": 1.0,
    "luminance": 0,
    "unbreakable": false,
    "isSolid": false,
    "isCustomSoundType": false,
    "soundOnStep": {
      "value": "PLANT"
    },
    "useLootTableForDrops": false,
    "customDrop": {
      "value": "Blocks.WHEAT"
    },
    "dropAmount": 2,
    "forceTicking": false,
    "emissiveRendering": false,
    "hasTileEntity": false,
    "isReplaceable": false,
    "colorOnMap": "GRASS",
    "creativePickItem": {
      "value": ""
    },
    "offsetType": "XZ",
    "aiPathNodeType": "DEFAULT",
    "flammability": 1,
    "fireSpreadSpeed": 1,
    "jumpFactor": 1.0,
    "speedFactor": 1.0,
    "canBePlacedOn": [],
    "isBonemealable": false,
    "frequencyOnChunks": 4,
    "spawnWorldTypes": [
      "Surface"
    ],
    "restrictionBiomes": [
      {
        "value": "CUSTOM:ShatteredPlains"
      }
    ],
    "generationType": "Grass",
    "patchSize": 64,
    "generateAtAnyHeight": false
  }
}