{
  "_fv": 47,
  "_type": "block",
  "definition": {
    "texture": "oretemplate",
    "textureTop": "sapphiretextureimproved",
    "textureLeft": "oretemplate",
    "textureFront": "oretemplate",
    "textureRight": "oretemplate",
    "textureBack": "oretemplate",
    "renderType": 10,
    "customModelName": "Normal",
    "rotationMode": 0,
    "enablePitch": false,
    "emissiveRendering": false,
    "displayFluidOverlay": false,
    "itemTexture": "sapphireore",
    "tintType": "No tint",
    "isItemTinted": false,
    "hasTransparency": false,
    "connectedSides": false,
    "transparencyType": "SOLID",
    "disableOffset": false,
    "boundingBoxes": [
      {
        "mx": 0.0,
        "my": 0.0,
        "mz": 0.0,
        "Mx": 16.0,
        "My": 16.0,
        "Mz": 16.0,
        "subtract": false
      }
    ],
    "name": "Sapphire Ore",
    "specialInfo": [],
    "hardness": 1.5,
    "resistance": 10.0,
    "hasGravity": false,
    "isWaterloggable": false,
    "creativeTab": {
      "value": "BUILDING_BLOCKS"
    },
    "destroyTool": "pickaxe",
    "customDrop": {
      "value": "CUSTOM:SapphireGem"
    },
    "dropAmount": 1,
    "useLootTableForDrops": false,
    "requiresCorrectTool": true,
    "enchantPowerBonus": 0.0,
    "plantsGrowOn": false,
    "canRedstoneConnect": false,
    "lightOpacity": 0,
    "material": {
      "value": "ROCK"
    },
    "tickRate": 8,
    "tickRandomly": true,
    "isReplaceable": false,
    "canProvidePower": false,
    "colorOnMap": "LIGHT_BLUE",
    "creativePickItem": {
      "value": ""
    },
    "offsetType": "NONE",
    "aiPathNodeType": "DEFAULT",
    "flammability": 0,
    "fireSpreadSpeed": 0,
    "isLadder": false,
    "slipperiness": 0.6,
    "speedFactor": 1.0,
    "jumpFactor": 1.0,
    "reactionToPushing": "NORMAL",
    "isNotColidable": false,
    "isCustomSoundType": false,
    "soundOnStep": {
      "value": "STONE"
    },
    "luminance": 0,
    "unbreakable": false,
    "breakHarvestLevel": 2,
    "isBonemealable": false,
    "hasInventory": false,
    "guiBoundTo": "<NONE>",
    "openGUIOnRightClick": false,
    "inventorySize": 9,
    "inventoryStackSize": 64,
    "inventoryDropWhenDestroyed": true,
    "inventoryComparatorPower": true,
    "inventoryOutSlotIDs": [],
    "inventoryInSlotIDs": [],
    "hasEnergyStorage": false,
    "energyInitial": 0,
    "energyCapacity": 400000,
    "energyMaxReceive": 200,
    "energyMaxExtract": 200,
    "isFluidTank": false,
    "fluidCapacity": 8000,
    "fluidRestrictions": [],
    "spawnWorldTypes": [
      "Surface"
    ],
    "restrictionBiomes": [],
    "blocksToReplace": [
      {
        "value": "Blocks.STONE#0"
      },
      {
        "value": "Blocks.STONE#1"
      },
      {
        "value": "Blocks.STONE#3"
      },
      {
        "value": "Blocks.STONE#5"
      }
    ],
    "generationShape": "UNIFORM",
    "frequencyPerChunks": 5,
    "frequencyOnChunk": 8,
    "minGenerateHeight": 5,
    "maxGenerateHeight": 16
  }
}