{
  "_fv": 47,
  "_type": "achievement",
  "definition": {
    "achievementName": "Self Improvement",
    "achievementDescription": "Have a certain amount of experience",
    "achievementIcon": {
      "value": "Items.EXPERIENCE_BOTTLE"
    },
    "background": "Default",
    "disableDisplay": false,
    "showPopup": true,
    "announceToChat": true,
    "hideIfNotCompleted": false,
    "rewardLoot": [],
    "rewardRecipes": [],
    "rewardFunction": "No function",
    "rewardXP": 1,
    "achievementType": "challenge",
    "parent": {
      "value": "CUSTOM:Radiant"
    },
    "triggerxml": "<xml xmlns=\"https://developers.google.com/blockly/xml\"><block type=\"custom_trigger\" x=\"45\" y=\"54\"><next><block type=\"advancement_trigger\" deletable=\"false\"></block></next></block></xml>"
  }
}