{
  "_fv": 47,
  "_type": "achievement",
  "definition": {
    "achievementName": "self Zombie Spawner",
    "achievementDescription": "You Spawn Zombies",
    "achievementIcon": {
      "value": "Blocks.SKULL#2"
    },
    "background": "Default",
    "disableDisplay": false,
    "showPopup": true,
    "announceToChat": true,
    "hideIfNotCompleted": true,
    "rewardLoot": [],
    "rewardRecipes": [],
    "rewardFunction": "No function",
    "rewardXP": 0,
    "achievementType": "task",
    "parent": {
      "value": "CUSTOM:NightWatcherCurse"
    },
    "triggerxml": "<xml xmlns=\"https://developers.google.com/blockly/xml\"><block type=\"custom_trigger\" x=\"48\" y=\"60\"><next><block type=\"advancement_trigger\" deletable=\"false\"></block></next></block></xml>"
  }
}