{
  "_fv": 47,
  "_type": "biome",
  "definition": {
    "name": "Shattered Plains",
    "groundBlock": {
      "value": "CUSTOM:ShatteredPlainRock"
    },
    "undergroundBlock": {
      "value": "Blocks.STONE#0"
    },
    "grassColor": {
      "value": -5195161,
      "falpha": 0.0
    },
    "foliageColor": {
      "value": -5195161,
      "falpha": 0.0
    },
    "waterColor": {
      "value": -16737895,
      "falpha": 0.0
    },
    "waterFogColor": {
      "value": -16737895,
      "falpha": 0.0
    },
    "moodSoundDelay": 0,
    "spawnParticles": false,
    "particlesProbability": 0.0,
    "rainingPossibility": 1.0,
    "temperature": 1.0,
    "spawnBiome": true,
    "spawnInCaves": false,
    "spawnBiomeNether": false,
    "genTemperature": {
      "min": -0.06666666666666676,
      "max": 0.7333333333333333
    },
    "genHumidity": {
      "min": 0.6,
      "max": 1.4
    },
    "genContinentalness": {
      "min": 0.19999999999999996,
      "max": 1.0
    },
    "genErosion": {
      "min": 0.44000000000000006,
      "max": 1.2400000000000002
    },
    "genWeirdness": {
      "min": 0.3967885040784397,
      "max": 1.1967885040784396
    },
    "treesPerChunk": 0,
    "vanillaTreeType": "Default",
    "treeType": 1,
    "minHeight": 0,
    "treeStem": {
      "value": "Blocks.AIR"
    },
    "treeBranch": {
      "value": "Blocks.AIR"
    },
    "treeVines": {
      "value": "Blocks.AIR"
    },
    "treeFruits": {
      "value": "Blocks.AIR"
    },
    "defaultFeatures": [
      "Caves",
      "MonsterRooms",
      "Structures",
      "Ores",
      "Lakes",
      "FrozenTopLayer",
      "ForestGrass"
    ],
    "spawnStronghold": true,
    "spawnMineshaft": true,
    "spawnMineshaftMesa": false,
    "spawnPillagerOutpost": true,
    "villageType": "none",
    "spawnWoodlandMansion": false,
    "spawnJungleTemple": false,
    "spawnDesertPyramid": false,
    "spawnSwampHut": false,
    "spawnIgloo": false,
    "spawnOceanMonument": false,
    "spawnShipwreck": false,
    "spawnShipwreckBeached": false,
    "spawnBuriedTreasure": false,
    "oceanRuinType": "NONE",
    "spawnNetherBridge": false,
    "spawnNetherFossil": false,
    "spawnBastionRemnant": false,
    "spawnEndCity": false,
    "spawnRuinedPortal": "NONE",
    "spawnEntries": [
      {
        "entity": {
          "value": "CUSTOM:Shardbearer"
        },
        "minGroup": 1,
        "maxGroup": 1,
        "weight": 5,
        "spawnType": "creature"
      },
      {
        "entity": {
          "value": "EntityCreeper"
        },
        "minGroup": 1,
        "maxGroup": 1,
        "weight": 20,
        "spawnType": "monster"
      },
      {
        "entity": {
          "value": "EntityEvoker"
        },
        "minGroup": 1,
        "maxGroup": 1,
        "weight": 20,
        "spawnType": "monster"
      },
      {
        "entity": {
          "value": "EntityRavager"
        },
        "minGroup": 1,
        "maxGroup": 1,
        "weight": 20,
        "spawnType": "monster"
      },
      {
        "entity": {
          "value": "EntityWolf"
        },
        "minGroup": 1,
        "maxGroup": 4,
        "weight": 20,
        "spawnType": "creature"
      },
      {
        "entity": {
          "value": "EntityZombieVillager"
        },
        "minGroup": 1,
        "maxGroup": 4,
        "weight": 20,
        "spawnType": "monster"
      },
      {
        "entity": {
          "value": "EntityWanderingTrader"
        },
        "minGroup": 1,
        "maxGroup": 4,
        "weight": 20,
        "spawnType": "creature"
      },
      {
        "entity": {
          "value": "EntityVillager"
        },
        "minGroup": 1,
        "maxGroup": 4,
        "weight": 20,
        "spawnType": "creature"
      },
      {
        "entity": {
          "value": "EntityVindicator"
        },
        "minGroup": 1,
        "maxGroup": 4,
        "weight": 20,
        "spawnType": "monster"
      },
      {
        "entity": {
          "value": "EntityVex"
        },
        "minGroup": 1,
        "maxGroup": 4,
        "weight": 20,
        "spawnType": "monster"
      },
      {
        "entity": {
          "value": "EntityAnimal"
        },
        "minGroup": 1,
        "maxGroup": 4,
        "weight": 20,
        "spawnType": "creature"
      },
      {
        "entity": {
          "value": "EntityBat"
        },
        "minGroup": 1,
        "maxGroup": 4,
        "weight": 20,
        "spawnType": "creature"
      },
      {
        "entity": {
          "value": "EntityCaveSpider"
        },
        "minGroup": 1,
        "maxGroup": 4,
        "weight": 20,
        "spawnType": "monster"
      },
      {
        "entity": {
          "value": "EntityCow"
        },
        "minGroup": 1,
        "maxGroup": 4,
        "weight": 20,
        "spawnType": "creature"
      },
      {
        "entity": {
          "value": "EntityEnderman"
        },
        "minGroup": 1,
        "maxGroup": 4,
        "weight": 20,
        "spawnType": "monster"
      },
      {
        "entity": {
          "value": "EntityHorse"
        },
        "minGroup": 1,
        "maxGroup": 4,
        "weight": 44,
        "spawnType": "creature"
      },
      {
        "entity": {
          "value": "EntityIronGolem"
        },
        "minGroup": 1,
        "maxGroup": 4,
        "weight": 20,
        "spawnType": "creature"
      },
      {
        "entity": {
          "value": "EntityHusk"
        },
        "minGroup": 1,
        "maxGroup": 4,
        "weight": 20,
        "spawnType": "monster"
      },
      {
        "entity": {
          "value": "EntityPillager"
        },
        "minGroup": 1,
        "maxGroup": 4,
        "weight": 20,
        "spawnType": "monster"
      }
    ]
  }
}