{
  "_fv": 47,
  "_type": "gui",
  "definition": {
    "type": 1,
    "width": 176,
    "height": 166,
    "inventoryOffsetX": 0,
    "inventoryOffsetY": 0,
    "renderBgLayer": true,
    "doesPauseGame": true,
    "components": [
      {
        "type": "label",
        "data": {
          "name": "label_i_will_seek_justice",
          "text": {
            "fixedValue": "i will seek justice"
          },
          "color": {
            "value": -1,
            "falpha": 0.0
          },
          "x": 162,
          "y": 62
        }
      },
      {
        "type": "button",
        "data": {
          "name": "button_say_the_words",
          "text": "SAY THE WORDS!",
          "onClick": {
            "name": "SpawnHighspren"
          },
          "width": 140,
          "height": 20,
          "x": 146,
          "y": 88
        }
      }
    ],
    "gridSettings": {
      "sx": 18,
      "sy": 18,
      "ox": 11,
      "oy": 15,
      "snapOnGrid": false
    }
  }
}