{
  "_fv": 47,
  "_type": "item",
  "definition": {
    "renderType": 0,
    "texture": "uncookedcurry",
    "customModelName": "Normal",
    "customProperties": {},
    "states": [],
    "name": "Uncookedcurry",
    "rarity": "COMMON",
    "creativeTab": {
      "value": "FOOD"
    },
    "stackSize": 64,
    "enchantability": 0,
    "useDuration": 30,
    "toolType": 0.0,
    "damageCount": 0,
    "destroyAnyBlock": false,
    "immuneToFire": false,
    "stayInGridWhenCrafting": false,
    "damageOnCrafting": false,
    "enableMeleeDamage": false,
    "damageVsEntity": 0.0,
    "specialInfo": [
      "Uncooked Curry"
    ],
    "hasGlow": false,
    "inventorySize": 9,
    "inventoryStackSize": 64,
    "isFood": true,
    "nutritionalValue": 2,
    "saturation": 0.0,
    "isMeat": true,
    "isAlwaysEdible": false,
    "animation": "eat"
  }
}