{
  "_fv": 47,
  "_type": "dimension",
  "definition": {
    "biomesInDimension": [
      {
        "value": "mountains"
      },
      {
        "value": "extreme_hills_with_trees"
      },
      {
        "value": "snowy_mountains"
      },
      {
        "value": "smaller_extreme_hills"
      },
      {
        "value": "forest_hills"
      }
    ],
    "worldGenType": "Normal world gen",
    "mainFillerBlock": {
      "value": "Blocks.STONE#0"
    },
    "fluidBlock": {
      "value": "Blocks.FLOWING_WATER"
    },
    "airColor": {
      "value": -4138753,
      "frgbvalue": [
        0.753,
        0.847,
        1.0
      ],
      "fvalue": [
        0.753,
        0.847,
        1.0
      ],
      "falpha": 1.0
    },
    "canRespawnHere": true,
    "hasFog": false,
    "isDark": false,
    "doesWaterVaporize": false,
    "sleepResult": "ALLOW",
    "hasSkyLight": true,
    "imitateOverworldBehaviour": true,
    "portalFrame": {
      "value": ""
    },
    "portalParticles": {
      "value": "EXPLOSION_NORMAL"
    },
    "portalLuminance": 0,
    "portalSound": {
      "value": "block.portal.ambient"
    },
    "enableIgniter": true,
    "igniterName": "Urithiru Dimension Portal Igniter",
    "specialInfo": [],
    "igniterTab": {
      "value": "TOOLS"
    },
    "texture": "",
    "portalTexture": "",
    "enablePortal": false
  }
}